class_name,num_boxes,mean_points,p25_points,p50_points,p75_points,min_points,max_points,mean_density,median_density
Car,13286,1798.9030558482614,618.0,1885.0,2203.0,398.0,3634.0,153.69729099218208,147.9598731924827
CargoBike,8750,108.21565714285714,66.0,76.0,114.0,60.0,324.0,26.508858126387736,18.61183421454307
ForkLift,7258,657.6370901074677,408.0,652.0,872.0,130.0,1388.0,37.19571601482673,35.79367036286737
Human,11159,161.67452280670312,99.0,133.0,178.0,68.0,563.0,164.22822848498424,137.30618344853355
