class_name,num_boxes,mean_h,mean_w,mean_l,median_h,median_w,median_l
Car,15535,1.6761882845188032,1.6798750563244151,4.199122240102953,1.678,1.682,4.184
Human,20625,1.9524168727272861,0.5187081696970238,0.9755504969696775,1.96,0.52,0.981
ForkLift,11202,2.6917392429926403,1.526908587752307,4.268391090876906,2.721,1.51,4.209
CargoBike,9822,1.3121304215027965,1.0978695784972292,2.833550702504321,1.313,1.097,2.835
ELFplusplus,8643,0.9573092676154752,1.5373092676155695,4.092690732384557,0.956,1.536,4.094
FTS,11278,0.4499999999999045,0.6474540698704749,0.44169728675296155,0.45,0.647,0.442
